date,close,chg_pct,signals,score,dif,osc,range_pos,above_ma20,vol_ratio,rsi14,avg_value_m,code,name,market,industry,value
2026-10-07,4190.0,0.24,DIF翻正,6,58.003,61.713,55.5,True,1.53,63.7,8748.9,3661,世芯-KY,上市,半導體,16381172220.0
2026-10-07,107.0,-3.17,DIF翻正,6,0.628,1.723,18.1,True,3.31,60.5,751.8,1785,光洋科,上櫃,其他電子,2254956224.0
2026-10-07,43.7,1.86,DIF翻正,6,0.384,0.602,24.8,True,2.68,58.5,234.2,2485,兆赫,上市,通信網路,2019435938.0
2026-10-07,225.0,1.81,DIF翻正,6,1.551,2.742,34.9,True,2.46,62.9,242.9,3357,臺慶科,上櫃,電子零組件,620890301.0
2026-10-07,569.0,-1.22,DIF翻正,6,0.532,4.764,57.6,True,1.91,55.3,505.4,2467,志聖,上市,電子零組件,592146911.0
2026-10-07,73.3,3.09,DIF翻正,6,0.125,0.29,55.4,True,6.35,64.1,414.6,1504,東元,上市,電機機械,532500838.0
2026-10-07,174.0,0.58,DIF翻正,6,0.469,1.681,32.4,True,3.4,56.2,680.7,3090,日電貿,上市,電子零組件,506854208.0
2026-10-07,336.5,3.06,DIF翻正,6,4.367,5.127,30.1,True,4.91,64.9,137.8,5234,達興材料,上市,光電,450943339.0
2026-10-07,32.6,-1.95,DIF翻正,6,0.48,0.561,63.1,True,4.03,60.7,101.5,4707,磐亞,上櫃,化學,398677376.0
2026-10-07,243.5,6.8,DIF翻正,6,0.697,4.0,27.5,True,3.84,63.7,624.1,2472,立隆電,上市,電子零組件,367013926.0
2026-10-07,134.5,4.67,DIF翻正,6,0.925,1.875,39.9,True,5.39,63.4,361.4,2478,大毅,上市,電子零組件,313214388.0
2026-10-07,11.3,-0.44,DIF翻正,6,0.111,0.087,56.1,True,1.79,60.2,150.5,1718,中纖,上市,化學,294470063.0
2026-10-07,77.0,1.32,DIF翻正,6,0.415,1.148,31.8,True,3.37,60.9,93.0,6175,立敦,上櫃,電子零組件,289288390.0
2026-10-07,377.0,1.75,DIF翻正,6,4.685,5.391,39.6,True,2.89,64.1,97.9,6788,華景電,上櫃,半導體,279927008.0
2026-10-07,142.0,0.0,DIF翻正,6,0.814,1.64,41.5,True,1.73,59.8,124.9,6525,捷敏-KY,上市,半導體,277112646.0
2026-10-07,44.6,1.83,DIF翻正,6,0.371,0.411,32.7,True,1.61,62.6,83.0,2355,敬鵬,上市,電子零組件,241624417.0
2026-10-07,87.5,0.81,DIF翻正,6,0.592,0.638,29.5,True,1.71,64.2,109.2,6191,精成科,上市,電子零組件,175571120.0
2026-10-07,54.8,1.67,DIF翻正,6,0.506,0.455,37.6,True,1.6,57.7,84.0,5498,凱崴,上櫃,電子零組件,140803838.0
2026-10-07,58.0,3.39,DIF翻正,6,0.581,1.001,27.9,True,3.73,64.6,32.9,8074,鉅橡,上櫃,電子零組件,113015916.0
2026-10-07,13.95,3.33,DIF翻正,6,0.034,0.036,69.0,True,3.25,59.7,38.4,1440,南紡,上市,紡織纖維,27249654.0
2026-10-07,5530.0,-2.47,低檔金叉,5,-36.129,25.664,32.9,True,0.98,51.1,4972.3,6223,旺矽,上櫃,半導體,4984488555.0
2026-10-07,257.5,0.59,DIF翻正,5,3.331,3.508,48.8,True,2.86,65.5,1060.9,6285,啟碁,上市,通信網路,4953184984.0
2026-10-07,191.0,-4.26,DIF翻正,5,2.711,3.563,33.0,True,1.63,55.2,765.0,8261,富鼎,上市,半導體,2942770936.0
2026-10-07,140.0,9.8,DIF翻正,5,3.863,3.282,51.3,True,5.32,76.3,563.3,8086,宏捷科,上櫃,半導體,2694900692.0
2026-10-07,872.0,-1.47,低檔金叉,5,-28.911,4.97,5.1,False,1.59,41.8,1373.9,8210,勤誠,上市,電腦週邊,2229553765.0
2026-10-07,73.7,8.22,DIF翻正,5,1.174,1.608,34.7,True,4.9,69.1,392.0,4989,榮科,上市,電子零組件,2162977055.0
2026-10-07,313.5,1.79,DIF翻正,5,5.763,5.998,40.0,True,2.38,71.8,391.7,3030,德律,上市,其他電子,1638022021.0
2026-10-07,114.5,1.33,DIF翻正,5,0.602,0.486,71.8,True,1.43,54.2,1057.1,5351,鈺創,上櫃,半導體,1568046204.0
2026-10-07,261.5,9.87,DIF翻正,5,2.129,5.324,34.5,True,5.39,67.3,412.3,6449,鈺邦,上市,電子零組件,1353188975.0
2026-10-07,743.0,-2.49,DIF翻正,5,5.3,7.005,41.0,True,1.55,56.5,546.0,3583,辛耘,上市,半導體,1236816699.0
2026-10-07,342.5,0.88,低檔金叉,5,-2.784,1.269,47.9,True,1.05,50.9,1174.4,2049,上銀,上市,電機機械,1195788581.0
2026-10-07,145.0,4.69,DIF翻正,5,0.217,1.545,43.6,True,3.76,58.3,307.9,8043,蜜望實,上櫃,電子零組件,1156572904.0
2026-10-07,456.5,1.56,DIF翻正,5,1.236,5.481,36.4,True,0.97,60.0,943.7,6415,矽力*-KY,上市,半導體,1044851164.0
2026-10-07,196.0,3.98,DIF翻正,5,0.49,2.233,86.3,True,1.39,60.8,674.4,3362,先進光,上櫃,光電,1042098141.0
2026-10-07,262.0,-0.95,DIF翻正,5,1.872,1.551,31.4,True,1.41,57.1,350.9,5439,高技,上櫃,電子零組件,513293424.0
2026-10-07,334.0,0.6,低檔金叉,5,-1.313,0.263,42.6,True,1.14,52.3,211.6,8155,博智,上櫃,電子零組件,244160015.0
2026-10-07,38.85,0.0,DIF翻正,5,0.879,1.039,35.6,True,1.74,63.4,55.3,2483,百容,上市,電子零組件,239746774.0
2026-10-07,262.5,0.0,DIF翻正,5,1.303,1.642,37.5,True,1.05,60.6,81.2,8081,致新,上市,半導體,162386103.0
2026-10-07,80.0,1.65,DIF翻正,5,0.334,0.612,26.3,True,1.53,55.7,81.5,6284,佳邦,上櫃,電子零組件,126760480.0
2026-10-07,199.5,1.27,低檔金叉,5,-1.26,0.192,26.8,True,1.36,50.9,180.7,1503,士電,上市,電機機械,111596833.0
2026-10-07,110.0,0.92,DIF翻正,5,0.097,1.194,26.4,True,0.91,59.2,87.7,3305,昇貿,上市,其他電子,103468070.0
2026-10-07,244.5,1.88,低檔金叉,5,-2.724,0.561,28.6,True,0.89,50.7,80.5,8454,富邦媒,上市,數位雲端,62489405.0
2026-10-07,219.0,0.46,DIF翻正,5,0.038,0.879,41.5,True,0.57,55.4,83.9,3515,華擎,上市,電腦週邊,60202286.0
2026-10-07,31.55,2.6,低檔金叉,5,-0.091,0.039,29.5,True,1.49,56.9,42.8,2504,國產,上市,建材營造,45912391.0
2026-10-07,12.15,2.53,低檔金叉,5,-0.018,0.015,28.3,True,2.66,57.3,59.6,2515,中工,上市,建材營造,37438141.0
2026-10-07,39.15,3.03,低檔金叉,5,-0.035,0.028,21.3,True,1.51,56.1,30.1,2543,皇昌,上市,建材營造,34612195.0
2026-10-07,91.8,-0.22,低檔金叉,5,-1.504,0.254,24.9,True,1.15,46.3,30.7,8390,金益鼎,上櫃,綠能環保,34530997.0
2026-10-07,5950.0,-0.75,DIF翻正,4,73.872,120.083,85.4,True,1.49,66.1,10741.8,2383,台光電,上市,電子零組件,30343549150.0
2026-10-07,2450.0,-3.16,DIF翻正,4,0.565,14.761,17.6,True,1.01,49.6,960.6,3131,弘塑,上櫃,半導體,1022260830.0
2026-10-07,1230.0,2.93,低檔金叉,4,-48.458,2.67,12.0,False,0.73,41.8,1010.3,1590,亞德客-KY,上市,電機機械,579146145.0
2026-10-07,1995.0,0.76,低檔金叉,4,-64.727,13.101,14.7,False,0.76,46.3,349.1,7750,新代,上市,電機機械,529805695.0
2026-10-07,791.0,-1.25,DIF翻正,4,5.711,9.137,25.4,True,0.79,57.5,502.0,4749,新應材,上櫃,半導體,434289656.0
2026-10-07,138.0,-2.13,DIF翻正,4,0.19,0.394,47.3,True,0.99,50.2,386.6,3019,亞光,上市,光電,370388540.0
2026-10-07,105.0,-0.47,低檔金叉,4,-0.384,0.047,10.5,False,1.34,47.7,269.8,2385,群光,上市,電子零組件,334104017.0
2026-10-07,395.0,-1.37,DIF翻正,4,1.178,4.133,48.6,True,0.54,52.2,420.9,6414,樺漢,上市,電腦週邊,310431087.0
2026-10-07,47.75,0.1,DIF翻正,4,0.046,0.052,79.8,True,0.71,51.7,531.6,2027,大成鋼,上市,鋼鐵,247954612.0
2026-10-07,288.5,-1.54,DIF翻正,4,0.43,1.7,13.4,True,1.29,49.5,177.4,3413,京鼎,上市,半導體,208361678.0
2026-10-07,289.5,-2.2,DIF翻正,4,0.373,1.922,53.0,True,1.45,52.1,142.2,8016,矽創,上市,半導體,165214153.0
2026-10-07,202.0,0.5,低檔金叉,4,-4.628,0.305,35.2,False,0.93,42.0,241.4,8271,宇瞻,上市,半導體,141204497.0
2026-10-07,21.1,3.43,DIF翻正,4,0.106,0.176,60.6,True,1.22,59.1,160.5,2332,友訊,上市,通信網路,137996539.0
2026-10-07,47.1,-2.08,DIF翻正,4,0.289,0.401,32.1,True,1.46,54.8,58.7,4743,合一,上櫃,生技醫療,86359355.0
2026-10-07,327.0,1.08,DIF翻正,4,2.496,3.474,34.6,True,1.07,60.0,77.1,6903,巨漢,上櫃,其他電子,85181819.0
2026-10-07,68.2,7.91,DIF翻正,4,0.597,0.733,56.8,True,4.12,69.3,149.5,8131,福懋科,上市,半導體,68435750.0
2026-10-07,50.8,0.2,DIF翻正,4,0.181,0.737,26.1,True,0.86,57.5,33.0,3290,東浦,上櫃,電子零組件,30026486.0
2026-10-07,79.8,0.88,低檔金叉,4,-1.138,0.071,6.6,False,0.56,41.4,47.1,2211,長榮鋼,上市,鋼鐵,28039832.0
2026-10-07,488.0,-1.91,低檔金叉,3,-28.365,0.977,5.5,False,0.66,38.1,381.4,6831,邁科,上市,電腦週邊,375316737.0
2026-10-07,66.6,0.6,低檔金叉,3,-0.328,0.011,35.7,False,0.68,47.1,107.6,2374,佳能,上市,光電,89815597.0
2026-10-07,20.1,0.5,低檔金叉,3,-0.177,0.006,5.0,False,0.68,41.3,76.9,2646,星宇航空,上市,航運,52522467.0
2026-10-07,61.2,2.0,低檔金叉,3,-0.718,0.032,7.6,False,0.84,46.7,37.3,5522,遠雄,上市,建材營造,35635034.0
